{"stats":{"minecraft:killed":{"minecraft:zombie":1},"minecraft:mined":{"minecraft:grass":4,"minecraft:grass_block":3,"minecraft:dirt":2,"minecraft:stone":3,"minecraft:birch_leaves":3},"minecraft:dropped":{"immersive_aircraft:biplane":2},"minecraft:used":{"mekanism:mekasuit_pants":1,"minecraft:dirt":3,"minecraft:birch_planks":1,"mekanism:mekasuit_helmet":1,"immersive_aircraft:biplane":2,"mekanism:mekasuit_boots":1,"mekanism:mekasuit_bodyarmor":1},"minecraft:picked_up":{"immersive_aircraft:biplane":2,"minecraft:dirt":5},"minecraft:custom":{"minecraft:time_since_rest":27401,"minecraft:crouch_one_cm":2,"minecraft:sprint_one_cm":8017,"minecraft:play_time":27401,"minecraft:walk_one_cm":8175,"minecraft:sneak_time":61,"minecraft:mob_kills":1,"minecraft:drop":2,"minecraft:jump":64,"minecraft:damage_dealt":192,"minecraft:leave_game":9,"minecraft:time_since_death":27401,"minecraft:total_world_time":27401,"minecraft:fall_one_cm":2583,"minecraft:fly_one_cm":100347}},"DataVersion":2975}